{
    "scanName": "Scan_2025-05-15T07:54:10.281120",
    "timeTaken": "00:00:01",
    "userName": "rahul.mohanasundaram",
    "endpointIP": "192.168.236.82",
    "performedScans": "Code",
    "totalRepoScanned": "1",
    "pqcScore": "0.0",
    "codeScanFilesCount": "1",
    "javaFilesScanned": "0",
    "pythonFilesScanned": "1",
    "cFilesScanned": "0",
    "cppFilesScanned": "0",
    "codeScanPqcCount": "0",
    "codeScanNonPqcCount": "2",
    "dependencyScanFilesCount": "0",
    "dependencyScanPqcCount": "0",
    "dependencyScanNonPqcCount": "0",
    "configScanFilesCount": "0",
    "configScanPqcCount": "0",
    "configScanNonPqcCount": "0",
    "certificateScanFilesCount": "0",
    "certificateScanPqcCount": "0",
    "certificateScanNonPqcCount": "0",
    "certificateScanPqcHybrid": "0"
}